CustId,CustName
762013259,Comstar Automotive Technologies Private Limited (Chennai)
862013891,"Piaggio Vehicles Private Limited (Engine Plant, Baramati)"
862013892,Jadhao Gears Limited (Amravati)
862013895,"Endurance Technologies Limited  (E92, Waluj)"
862013896,Continental Engines Private Limited (Haridwar)
862013899,Bhavani Industries India LLP (Rajkot)
862013903,"Endurance Technologies Limited  ( K120 , Aurangabad)"
862013904,Endurance Technologies Limited  (K 228 Waluj)
862013905,"TATA Motors Limited  (ERC, Pimpri)"
862013907,Ashok Leyland Limited (Bhandara)
862013908,"Rathi Transpower Private Limited  (Alandi, Pune)"
862013909,"Ashok Leyland Limited  (Ennore, Chennai)"
862013910,Ashok Leyland Limited (Pantnagar)
862013911,API Motors Private Limited (Haridwar)
862013912,Lohia Auto Industries (Uttrakhand)
862013914,"UCAL Auto Private Limited (Kancheepuram, TN)"
862013915,John Deere India Private Limited (Pune Works  Eou Unit)
862013916,Helvoet Rubber and Plastics Technologies India Private Limited (Pune)
862013917,Kurukshetra Automobiles  Private Limited 
862013918,"Mahindra & Mahindra Limited  (Farm Div, Zaheerabad)"
862013919,York Transport Equipment India Private Limited (Pune)
862013920,Pioneer Engineering Industries (Pune)
862013922,VE Commercial Vehicles Limited  (Pithampur)
862013924,Divgi Torqtransfer Systems Private Limited (Bhosari)
862013926,Mahindra & Mahindra Limited  (Bhiwandi)
862013928,"Mahindra & Mahindra Limited  (FES, Rajkot)"
862013929,Mahindra & Mahindra Limited  (Nagpur)
862013930,"Mahindra & Mahindra Limited  ( MRV, Kanchipuram)"
862013931,Mahindra & Mahindra Limited  (Zaheerabad)
862013932,"Mahindra & Mahindra Limited  (FD, Rudrapur)"
862013933,Mahindra & Mahindra Limited  (Haridwar)
862013934,"Mahindra & Mahindra Limited  (Sapre Buss, Hydrabad)"
862013935,Mahindra & Mahindra Limited  (Sapre Buss. Kanhe)
862013937,Mahindra & Mahindra Limited  (Nashik)
862013938,ATE Enterprises Private Limited  (Sanand)
862013939,Abhijay Auto Parts Private Limited (Aurangabad)
862013941,Atul Auto Limited (Rajkot)
862013942,"Badve Engineering Limited (Unit -6A, Waluj, Aurangabad)"
862013945,Cooper Corporation Private Limited (Engine Div. Satara)
862013948,"Duro Shox Private Limited (Shirur, Pune)"
862013949,Force Motors Ltd (Akurdi)
862013950,Force Motors Limited  (Pithampur Works)
862013951,"Jai Bhawani Mata Industries (Bhosari, Pune)"
862013955,"Oswal Casting Private Limited (Plant-I, Faridabad)"
862013959,Gilbarco Veeder Root India Private Limited (Coimbatore)
862013960,"Gabriel India Limited (Chakan, Pune)"
862013964,Graziano Trasmissioni India Private Limited (Noida)
862013967,Husco Hydraulics Private Limited (Pune)
862013970,"IFB Automotive Private Limited (Door Division, Hobli)"
862013971,Indsur Gears Limited  (Aurnagabad)
862013972,Magneti Marelli Motherson Shock Absorbers India Private Limited (Chakan)
862013975,Shree Ganesh Press N Coat Private Limited (Waluj)
862013976,"TATA Cummins Private Limited  (TCP, Phaltan)"
862013977,Rucha Engineers Private Limited (Waluj)
862013979,Ranvik Autocomponent Private Limited (Pune)
862013982,"Piaggio Vehicles Private Limited (Vehicle Plant, Baramati)"
862013983,S R Auto Parts (Pune)
862013984,"Pee Aar Exim Private Limited (Chakan, Pune)"
862013987,Spicer India Private Limited (Pune)
862013992,TATA Cummins Private Limited (Jamshedpur)
862013993,Unique Transmission (Mumbai)
862013996,TATA Motors Limited  (Sanand)
862013998,"TRIA Industries LLP (Unit-III, Bhor)"
862013999,Showa India Private Limited (Faridabad)
862014000,"Southern Polymers (Chennai, Tamilnadu)"
862014003,Sanjay Technoplast Private Limited (Shirur)
862014006,Friends Engineering Works (Nagpur)
862014007,Gabriel India Limited (Nashik)
862014008,"ZF Steering Gear India Limited  (Shirur, Pune)"
862014009,RIJ Engineering Private Limited (Pune)
862014010,"Pricol Limited  (Plant-I, Coimbatore)"
862014011,Pinnacle Industries Limited (Pithampur)
862014013,Automatic Electric Limited (Lonavala)
862014015,Quick Industrial Suppliers (Vasai)
862014016,Tractors and Farm Equipment Limited (Chennai)
862014019,Gabriel India Limited (Dewas)
862014020,"Endurance Technologies Limited  (Transmission Division, Waluj)"
862014021,"Rucha Engineering Private Limited (Unit-II, Ahmedabad)"
862014022,"Jai Bhavani Mata Engitech Private Limited (Bhosari, Pune)"
862014024,Supreme Autoshell India Private Limited (Nashik)
862014025,Gainmax Ferrocast Private Limited (Kolhapur)
862014029,Pune Polymers Private Limited (Bhosari)
862014031,Ghaziabad Precision Products Private Limited (UP)
862014032,Gabriel India Limited (Hosur)
862014033,Swagati Engineering (Aurangabad)
862014034,"USUI Susira International Private Limited (Kakkalpur, TN)"
862014036,Shri Padmavati Auto Components
862014041,S.S.Power Transmission Products (Bhosari)
862014042,Dunung Industries Private Limited (Kolhapur)
862014044,Hanon Banglore Operations Private Limited
862014046,Engineering Products & Steerings ( Shiroli)
862014047,"Duro Shox Private Limited ( (Division Duro Technologies, Shirur, Pune)"
862014048,UCAL Products Pvt. Ltd.
862014049,NIKY Precision Engineers Private Limited (Pune)
862014050,Micro Supreme Auto Industries (India) Private Limited
862014053,Mahindra Vehicle Manufacturers Limited
862014054,Tractors and Farm Equipment Limited (Doddaballpur)
862014055,TATA Motors Limited  (Pantnagar)
862014056,"HY Power Clamps Private Limited (Kothrud, Pune)"
862014057,Metal Craft Industries (Punjab)
862014058,Kranti Automobile Limited (Haridwar)
862014061,GKN Driveline India Limited (Pune)
862014065,Munjal Showa Limited (Gurgaon)
862014066,Munjal Showa Limited (Manesar)
862014067,Munjal Showa Limited (Haridwar)
862014069,"Ultraseal India Private Limited (Chinchwad, Pune)"
862014071,Tractors and Farm Equipment Limited (Dindigul)
862014077,Gauri Auto India Private Limited (Faridabad)
862014082,ZF India Private Limited  (Chakan)
862014085,"Bajaj Auto Limited (Chakan, Pune)"
862014087,Akar Industry (Nagpur)
862014088,Madras Engineering Industries Private Limited (SEZ Unit)
862014090,"Shanirajeshwar Die Casting Private Limited (Moshi, Pune)"
862014093,Suba Plastics Private Limited (Tamilnadu)
862014098,LUCAS - TVS Limited  (Padi)
862014099,Endurance Technologies Limited  ( Sanand)
862014100,MLR Auto Limited (Telangana)
862014102,"Advik Hi-Tech Private Limited (Vasuli, Pune)"
862014103,Divgi Torqtransfer Systems Private Limited  ( Shivare )
862014105,Sumesh Industries (Ahmednagar)
862014106,"Advik Hi-Tech Private Limited (Kolar, Karnataka)"
862014108,Gabriel India Limited (Khandsa)
862014109,"Gabriel India Limited (Parwanoo, Himachal)"
862014110,Gala Precision Technologies Private Limited (Wada)
862014111,Mahindra & Mahindra Limited  (Spare Buss. Vadgaon)
862014112,"VE Commercial Vehicles Limited (VEPDC, Pithampur)"
862014113,"Vishwadeep Pressparts Private Limited (Chinchwad, Pune)"
862014114,"Aurangabad Auto Ancilliary Private Limited (Waluj, Aurangabad)"
862014115,Endurance Technologies Limited  (Pantnagar)
862014117,TATA Motors Limited  (Dharwad)
862014118,LUCAS - TVS Limited  (Pantnagar)
862014119,TATA Motors Limited  (Chakan)
862014121,"Pricol Limited  (Plant-III, Coimbatore)"
862014122,"Bajaj Auto Limited (Waluj, Aurangabad)"
862014123,"Tractors and Farm Equipment Limited (SBU Sapares, Haryana)"
862014124,"Tractors and Farm Equipment Limited (Parts Div, Chennai)"
862014126,LUCAS - TVS Limited  (Pondichery)
862014128,Intorq Gmbh & Co. ( Germany)
862014129,"Pricol Limited  (Plant-VII, Pantnagar)"
862014130,"Ashok Leyland Limited  (Parts warehouse, Hosur)"
862014131,Mahindra & Mahindra Limited  (Jaipur)
862014133,Sanjay Technoplast Private Limited (Noida)
862014135,FIAT India Automobiles Private Limited (Ranjangaon)
862014136,Natesan Synchrocones Private Limited (Tamilnadu)
862014138,TATA Autocomp Systems Limited (Mulshi)
862014139,Savita Auto Industries (Nagpur)
862014141,Bajaj Steel Industries Ltd.(Nagpur)
862014142,"Shrivik (Ambattur, Tamilnadu)"
862014143,Tenneco Automative India Limited (Hosur)
862014146,Tenneco Automative India Limited (Pondichery)
862014147,Satyay Industry  (India) (Rajkot)
862014148,Tenneco Automative India Limited (Haryana)
862014150,"Super Auto India Limited (Khed, Pune)"
862014151,"Pricol Limited  (Formerly Pricol Pune Limited, Phulgaon)"
862014152,Godrej  & Boyce Mfg. Co.Limited (Kudal)
862014155,Lucas - TVS  Limited  (Chakan)
862014156,"Intorq India  Private Limited (Chakan, Pune)"
862014158,Godrej  and Boyce Mfg. Company Limited (Vadodara)
862014160,"Precision Camshafts Limited  (100% EOU Divison, Solapur)"
862014161,"SOHN Steel Private Limited (Khed, Pune)"
862014162,Godrej & Boyce Mfg. Company Limited (Madkai)
862014163,Ganesh Industries (Kolhapur)
862014164,Advik Hi-Tech Private Limited (Pantnagar)
862014166,"SEG Automotive India Private Limited  (Electronic City, Bangalore)"
862014167,"Pricol Limited  (Plant-VI, Pantnagar)"
862014168,VE Commercial Vehicles Limited  (Dewas)
862014170,Sanjeev Auto Part Manufacturers Private Limited (Waluj)
862014171,"Teklight Components Private Limited (Thirumudivakkam, TN)"
862014172,"John Deere India Private Limited (Sirhind Works, Punjab)"
862014173,FCA India Automobiles Private Limited (Chakan)
862014174,"Ashok Leyland Limited  (Alwar, Rajasthan)"
862014175,M A Steel Traders (Pune)
862014176,"Bajaj Auto Limited (Waluj, WA02, Aurnagabd)"
862014177,"Bajaj Auto Limited (Akurdi, Pune)"
862014178,"Maestrotech Systems Private Limited (Balewadi, Pune)"
862014179,"Emdet  Engineers Private Limited (Khed, Pune)"
862014180,"John Deere India Private Limited (Unit - AG &Turf  PV & V Lab, Pune)"
862014182,LC Automation Private Limited (Chennai)
862014183,"Ashok Leyland Limited (Mfg 2, Hosur)"
862014184,KYB Motorcycle Suspension India Private Limited (Chennai)
862014185,"Badve Engineering Limited (Unit -1D, Shock. Chakan Pune)"
862014186,SEG Automotive India Private Limited (Hassan)
862014187,John Deere India Private Limited (Nagpur PDC)
862014188,"Bajaj Auto Limited (3WH, Waluj, Aurangabad)"
862014189,Accurate Industries (Pune)
862014190,"TATA Motors Limited  (Auto Div, Pimpri)"
862014191,"Piaggio Vehicles Private Limited (Spares Division, Baramati)"
862014193,Endurance Technologies Limited  (Halol)
862014194,"Oswal Casting Private Limited (Plant-II, Faridabad)"
862014195,Sintercom India Limited (Pune)
862014196,Dana India Private Limited (Chennai)
862014197,Metalman Micro Turners (Rudrapur)
862014198,Alubee Die Casters (Hosur)
862014199,Spicer India Private Limited  (Pantnagar)
862014200,Powercor Manufacturing (A Divison of Linamar Corporation)
862014201,Mahindra & Mahindra Limited  (Pune)
862014202,"Ashok Leyland Limited (Mfg 1, Hosur)"
862014203,Indrad Auto Components (Tamilnadu)
862014205,"Ashok Leyland Limited (Technical centre, Chennai)"
862014206,Flash Viven Machining Technologies Private Limited (Chakan)
862014208,Spinic Manufacturing (A Divison of Linamar Corporation)
862014209,Rheprish Technologies Private Limited (Shirwal -Customer)
862014210,Quick Industrial Suppliers (Nagpur)
862014211,Utkarsh Transmissions Private Limited (Satara)
862014212,"Royal Enfield (An unit of Eicher Motors, Oragadam)"
862014213,"Endurance Technologies Limited  ( Narsapura, Bangalore)"
862014214,Texel Q US
862014215,Woosu Automotive India Private Limited (TN)
862014216,"Ashok Leyland Limited  (LCV1, Hosur)"
862014217,Ambika Industries (Kolhapur)
862014218,Comestel Automotive Technologies Maxicana Limited (Central Hong Kong)
862014219,SEG Automotive Products (China) Co. Limited
862014220,Aswini Enterprises (Chennai)
862014221,"Mahindra & Mahindra Limited  (ADCB Plant, Jaipur)"
862014222,John Deere India Private Limited (Dewas)
862014223,Gromax Agri Equipment Limited (Vadodara)
862014224,Mahabal Metals Private Limited (Miraj)
862014225,Mahabal Auto Ancillaries Private Limited (Uttrakhand)
862014226,J.K. Fenner (India) Limited (Tamilnadu)
862014227,Sri Balaji Castings Private Limited (Uttrakhand)
862014228,Suja  Shoei Industries Private Limited (Tamilnadu)
862014229,Gabriel India Limited (Sanand)
862014230,"Ashok Leyland Limited (Parts warehouse, Bhandara)"
862014231,Bhavani Industries (Kolhapur)
862014232,Mantri Metallics Private Limited (Kolhapur)
862014233,RICO Fluidtronics Limited (Gurgaon)
862014234,RSB Transmissions India Limited (Pantnagar)
862014236,MAN Truck & Bus India Private Limited (Pune)
862014237,TVS Motor Company Limited (Hosur Plant)
862014238,TVS Motor Company Limited (Mysore Plant)
862014239,"Royal Enfield (Vallam, Tamilnadu)"
862014240,Mahle Engine Components India Private Limited (Unit-2 Uttrakhand)
862014241,I-Workz Automotive Private Limited (Mysore)
862014242,"TATA Motors Limited  (1001, Chinchwad)"
862014243,Starters E-Components Generators Automotive Hungary Kft.
862014244,Mahindra Electric Mobility Limited  (Karnataka)
862014245,PSA Avtec Powertrain Private Limited  (Hosur)
862014246,Concentric Pumps Pune Private Limited (Pune)
862014247,Graziano Trasmission India Private Limited (Sanand)
862014248,New Randhir Press Tools (Haryana)
862014249,PCA Automobiles India Private Limited (Chennai)
862014250,"PHA India (Private) Limited ( Sriperumbudur, TML)"
862014251,"Rajsriya Automotive Industries Private Limited (Unit-1, Tamilnadu)"
862014252,"Badve Autocomps Private Limited (Unit-II, Khed Pune)"
862014253,"Dura Auto Systems India Private Limited (Kharabwadi, Pune )"
862024265,Sansera  Engineering  Limited  (Plant-8)
862024266,Mando Automotive India Private Limited
862024268,Speciality Sintered Products Private Limited (Customer A/c. Shirwal)
862024269,Lucas TVS Limited ( Puducherry)
862024271,Speciality Sintered Products Private Limited ( Customer A/c. Chakan)
862024272,J.S. Auto Private Limited (Kanpur)
862024273,Marathwada Auto Compo Private Limited
862024274,Advik Hi-tech Private Limited - P34 ( BU2- Chakan)
862024275,Bajaj Auto Limited - Pantnagar
862024276,Mahindra & Mahindra Limited (Fes - Kanhe Spare )
862024277,Sabo Hema Automotive Private Limited (Bhiwadi)
862024278,Bajaj Auto Limited (Pantnagar)
862024279,Autotech Industries (India) Private Limited (Chennai)
862024280,Mahindra & Mahindra Limited (Igatpuri)
862024282,Sachdeva Motors (Delhi)
862024283,Silver Auto Parts (Ahmedabad)
862024284,Inertia Engineering Technologies Private Limited
862024285,Miglani Auto Stores (Delhi)
862024286,Egearz Private Limited ( Customer A/c. Shirwal)
862024287,V. R. Automobile (Delhi)
862024288,Super Enterprises
862024289,Sri Sai Product Line (Meerut)
862024295,Neelmani Industries (Delhi)
862024297,Madan Trading Co
862024299,Mann Auto Industries (Delhi)
862024301,Arihant Auto Line
862024302,Sri Krishna Traders & Engineering Works.
862024313,Dinesh Tempo House (Delhi)
862024315,Chandna Trading Co
862024316,"ZF Steering Gear India Ltd. (Shirur, Pune)"
862024317,L.G. Balakrishnan & Bros Limited
862024318,Gromax Agri Equipment Limited
862024319,Concentric Pumps Pune Private Limited (EOU)
862024320,Gee Em Auto Industries
862024321,Diamond lntarnational Pvt. Ltd.(shocker)
862024322,KND Steel Company
862024323,Macks Surface Treatments Pvt. Ltd.
862024324,DANA India Private Limited
862024325,Easto Pneumatic Pvt Ltd
862024326,Sharda Motors Industries Limited
862024327,Swagati Engineering
862024328,Jay Kay Industries( Faridabad)
862024330,TVS Motor Company Limited (Himachal Pradesh)
862024331,Hastech Manufacturing A Division of Linamar Corporation
862024332,Mahindra & Mahindra Limited (Swaraj Division- Plant 1)
862024333,Mahindra & Mahindra Limited (Swaraj Division - Plant 2)
862024334,S.M. Auto Engineering Private Limited (Chakan)
862024335,Mahindra & Mahindra Ltd (Swaraj Division)
862024336,Mahindra Defence Systems Limited (haryana)
862024337,Hitachi Astemo Haryana Private Limited (Faridabad)
862024338,TexelQ Engineering India Private Limited
862024339,Dana Anand India Private Limited (Chakan) axle
862024340,Avinash Pawar And Associates Customer
862024341,Aarya Exim Consultants Customer
862024342,Siddhi Export And Import Customer
862024343,Shreeji Trading Company
862024344,Vihaan Enterprises (Chakan)
862024345,Madhumangal Engineers ( Customer A/C.Shirwal)
862024346,Gujarat Automobiles (Delhi)
862024347,Kasuya GPP Auto Products (A Unit Of Ghaziabad precision Products Pvt Ltd.)
862024348,Tata Motors Limited (Chikhali)
862024349,Dana Anand India Private Limited ( Pantnagar)
862024351,Ashok leyland ltd. (Warehouse Hosur)
862024352,S G Technology
862024353,Elpro Engineers
862024354,Mahindra & Mahindra Limited (Nashik)
862024355,Ahuja Motors (Delhi)
862024356,Saileen Technocrats Private Limited (Chakan)
862024357,Swajan industries Private Limited.
862024358,MT Autocraft ( BTW)
862024359,Mahindra & Mahindra Limited (Pithampur)
862024360,Ambika Traders (Shirwal)
862024361,Atul Auto Limited ( Ahmedabad)
862024362,Services Engineering Industries
862024386,Tenneco Automotive Brasil Ltda
862024388,TVS Motor Company Limited ( Part Packing plant)
862024389,Gencor Pacific Auto Engineering Private Limited
862024390,MT Autocraft ( PWN)
862024391,TVS Motor Company Limited -Three Wheeler Plant (Hosur)
862024392,Fledon Engineering Works
862024393,Pavna Industries Limited
862024394,Rucha Engineers Private Limited unit-6 (Waluj)
862024395,Haldex India Private Limited
862024396,"Mahindra & Mahindra Limited (Spare, Banglore)"
862024397,Mahindra & Mahindra Limited  (FES- Spares Banglore)
862024398,5S Manufacturing Private Limited ( Aurangabad)
862024399,Alpha Trading (Akurdi)
862024400,Pavna Sunworld Autotech Private Limited (Aligarh)
862024401,Shantai Techno Industries (Aurangabad)
862024402,Guru Ji Enterprises (Delhi)
862024403,Tata Motors Passenger Vehicles Limited (Sanand)
862024404,Tata Motors Passenger Vehicles Limited (Chikhali)
862024405,Lucas TVS Limited - CSD (Padi)
862024407,IGL Industries Limited  (Aurnagabad)
862024408,Besoto Starting Systems Private Limited
862024409,Tenneco Ride Control SA (PTY) Limited
862024411,Roksam Enterprises Private Limited
862024412,Ishwar Farmline Equipments Private Limited  (Punjab)
862024413,Ekta Tempo House (Delhi)
862024414,TVS Motor Company Limited (Solan)
862024415,Gates Unitta India Company Pvt Ltd
862024416,Kirloskar Oil Engines Limited (Kagal)
862024417,Sundram Fastners Limited
862024419,Linamar India Private Limited A Division of Linamar Corporation ( Chakan)
862024420,NPR Auto Parts Manufacturing India Pvt. Ltd.
862024421,Black & Decker (US) Inc.
862024422,Mitesh Auto Ancillary Private Limited
862024423,Mahindra & Mahindra limited (Fes. Hydrabad)
862024424,Nidec India Private Limited
862024425,Sona BLW Precision Forgings Limited (Chennai)
862024426,Merind Automotive Private Limited
862024427,Global Automotive Components Private Limited
862024428,Sachdeva Motors
862024430,Magnum Polymers
862024431,Silver Auto Parts
862024432,Tractors and Farm Equipment Limited ( Dindigul )
862024433,Rathi Transpower Private Limited (Kolhapur)
862024434,Mando Automotive India Private Limited ( Plant -2 )
862024435,Mahindra Heavy Engines Limited
862024436,RPK India Private Limited
862024438,J H Wood Firms Private Limited
862024439,SAA AB Engineering Private Limited Plant-4
862024440,Siddhi Export And Import Customer
862024441,Portescap India Private Limited -DTA Unit
862024442,Kay Jay Forgings Pvt Ltd Unit II (Hosur)
862024443,Rajesh Enterprises (Pune)
862024444,PCA Automobiles India Pvt Limited ( Chakan )
862024446,PCA Automobiles India Pvt Limited
862024447,E R AUTOMOTIVES
862024448,Swas Industries (Hosur)
862024449,Mahindra & Mahindra Limited (FES Kharagpur)
862024453,D. P. Garg & Company Private Limited
862024454,Auto Ignition Limited (Haryana)
862024455,LUCAS - TVS Limited (ESD)
862024456,Srimukha Precision Products
862024457,Roop Rajat Steel Private Limited
862024458,Mark Exhaust Systems Limited Unit-VI ( Dharuhera )
862024459,Krishna Industries (Faridabad)
862024460,Hubble Space (Pune)
862024461,Shree Siddha Engineers (Pune)
862024462,ALF Engineering Private Limited (Nashik)
862024463,Shree Sai Engineering (Nagpur)
862024465,Capgrid Solutions Private Limited
862024466,Sahara Inductries (Mumbai)
862024467,Sahara Industries
862024468,Haldex Anand India Pvt Ltd. (Nashik)
862024469,"Badve Autocomps Pvt Ltd 1K (Silencer Division),Aurangabad"
862024470,Sudeep Polymers Private Limited (Chakan)
862024471,Hycom Engineering (India) Private Limited (Bengaluru)
862024472,Swaraj Engines Ltd (Mohali)
862024475,Bhavani Industries Private Limited(Pune)
862024476,"Engicom, S. DE R.L. DE C.V."
862024477,Mitesh Auto Ancillary Private Limited (Nashik)
862024479,Som Autotech Private Limited ( Aurangabad )
862024480,Mahindra & Mahindra Ltd (Kandivali)
862024481,"Belrise Industries Limited (Unit -1D, Shock. Chakan Pune)"
862024482,Pars Engineering Works (Padi)
862024483,Dimo Castings Private Limited  (Bangalore)
862024484,Saferyde Suspensions Private Limited (Chakan)
862024485,Metalman Micro Turners (UNIT-1) (Pantnagar)
862024486,Aswini Enterprises (Chennai)
862024488,"Belrise Industries Limited (Unit -6A, Waluj, Aurangabad)"
862024489,Stanley Black And Decker India Private Limited (Mahalunge)
862024490,Prabha Engineering Private Limited. (Pune)
862024491,Divgi Torqtransfer Systems Limited ( Shivare )
862024493,Myunghwa Automotiove India Private Limited
862024494,ITT Corporation India Private Limited
862024495,"Vishwaraj Engineering Private Limited (Chinchwad, Pune)"
862024496,Divgi Torqtransfer Systems Limited (Bhosari)
862024497,Capgrid Solutions Private Limited (Hosur)
862024498,CVG Seating (India) Private Limited (Chakan)
862024499,Prabha Engineering Private Limited (Pune)
862024500,"Mahindra & Mahindra Limited (Electric mobility division, Banglore)"
862024501,Sharp Abrocarb Tools (Bhosari)
862024502,Precision Seals Manufacturing Private Limited
862024503,Tata Motors Passenger Vehicles Limited (Chakan)
862024504,HL Mando Anand India Private Limited (Chennai)
862024505,MT AUTOCRAFT (BTW) (Himachal Pradesh)
862024506,Ambika Traders (Shirwal)
862024507,Sandhar Automotives (Gurgaon)
862024508,Kalyani Technoforge Limited (Pune)
862024509,Havells India Limited CRI-(Noida)
862024510,Ultra Corpotech Private Limited
862024511,Sabo Hema Automotive Private Limited (Bhiwadi)
862024513,Wadco Business Solutions Private Limited.(Mumbai)
862024514,HL MANDO ANAND INDIA PRIVATE LIMITED( PLANT 2)
862024515,Remsons Industires Limited. (Chakan)
862024516,Tenneco Automative India Limited (Sanand)
862024517,LML Emotion Private Limited. (Gurgaon)
862024518,Capgrid Solutions Private Limited (Haridwar)
862024519,D. P. Garg & Company Private Limited ( Noida )
862024520,Precision Engineering Works (Pune)
862024521,Lucas - Tvs Limited  (Pondicherry) TWS
862024522,Carbonaire Industries Madras Private Limited (Chennai)
862024523,Moonlight Auto Private Limited. (Chennai)
862024524,Black & Decker (US) Inc.
862024526,Varroc Engineering Limited - III (Chakan)
862024527,KUNSTOCOM (INDIA) LIMITED
862024528,S.M. Auto Engineering Private Limited (Nanekarwadi)
862024530,Advik Hi-tech Private Limited - P28 (Chakan)
862024531,Rotary Electronics Private Limited. (Banglore)
862024532,Precise Engineering Company (Nashik)
862024533,Oiles India Private Limited. (Alwar)
862024534,Elyon Divine Components Private Limited (Bhosari)
862024536,"Bajaj Auto Limited (Chakan, Mfg-II)"
862024537,Inova India (Chennai)
862024538,TVS Sensing Solutions Private Limited. (Tamil Nadu)
862024539,TATA Motors Limited (Jamshedpur)
862024540,Sai Steel  (Bhosari)
862024541,Sai Steel (Bhosari)
862024542,Lakshmi Agni Components & Forgings Pvt Ltd - IV (Aurangabad)
862024543,Apaar Auto Tech LLP (Gurugram)
862024544,Marathwada Auto Compo Private Limited (Hosur)
862024545,Maven Tools and Technologies Private Limited (Bhosari)
862024546,Savita Auto Industries (Nagpur)-2
862024547,Watson and Chalin India Private Limited (Chakan)
862024548,Gates Unitta India Company Private Limited.(Tamil Nadu)
862024549,Ultra Corpotech Private Limited.(Chakan)
862024550,Moonlight Auto Private Limited. (Ludhiana)
862024551,Mahindra Last Mile Mobility Limited (Haridwar)
862024552,Mahindra Last Mile Mobility Limited (Zahirabad)
862024553,Sigma Electric Manufacturing Corporation Private limited (U-IV A5)(Chakan)
862024554,Diamond International Private Limited (Gurgaon)
862024555,Classic Legends Private Limited (Chinchwad)
862024556,Mahindra & Mahindra Limited  (Panvel)
862024557,Spal Automotive Technology India (chakan)
862024558,Sharad Shankar Tate (Shirwal)
862024559,"TATA Motors Limited (CVBU ,Pune)"
862024560,TVS Upasana Limited (Chennai)
862024561,Flash Viven Machining Technologies Pvt Ltd. (Chakan)
862024563,Sansera  Engineering  Limited  (Plant-1)
862024564,United Tyrekrafts Private Limited (Pune)
862024565,Sansera Engineering  Ltd Plant -6 ( Pantnagar)
862024566,Metalman Micro Turners (Rudrapur)
862024567,Minda VAST Access Systems Private Ltd ( Pune )
862024568,Bhagyashree Engineering Private Limited (Nashik)
862024569,Bhagwan Precision Private Limited (Haryana)
862024570,Mahindra Last Mile Mobility Limited (Spare Buss. Vadgaon)
862024571,Mahindra Last Mile Mobility Limited (Bhiwandi)
862024572,Asahi india glass limited ( Patan )
862024573,Asahi India Glass Limited ( Taloja )
862024574,Kubota Agricultural Machinery India Private Limited ( Chennai)
862024575,Kubota Agricultural Machinery India Private Limited ( Chakan )
862024576,Super Auto India Limited (Chakan)
862024577,Swastik Enterprises (Delhi)
862024578,Alubee Die Casters Private Limited (Hosur)
862024579,TVS Motor Company Limited ( Three Wheeler Spares Warehouse Hosur)
862024580,Bhavani Synchrotec Private Limited (Sanand)
862024581,Hitachi Astemo Haryana Private Limited (Tumkur)
862024582,Suja  Shoei Industries Private Limited ( Chengalpattu )
862024583,ALF Engineering Private Limited (Zaheerabad)
862024584,TVS Motor Company Limited (Part Packing plant)
862024585,Radiant Polymers Private Limited Unit - 2 (Ghaziabad)
862024586,Mantri Metallics Private Limited (Kolhapur)
862024587,Khaneja Motors (Delhi)
862024588,Southern Innovatech Private Limited (Chennai)
862024589,Mechasoft (kolhapur)
862024590,Tenneco Clean Air India Private Limited ( Chakan)
862024591,Taco Punch Powertrain Private Limited ( Chakan )
862024592,Mahindra Last Mile Mobility Limited (Maval)
862024593,Mahindra Last Mile Mobility Limited (Jaipur)
862024594,Simtec Auto India ( Ahmedabad)
862024595,Nissar  Transformers  Pvt.  Ltd.(Shirwal)
862024596,Pix Transmissions Ltd (Nagpur)
862024597,Sansera  Engineering  Limited  (Plant-6)
862024598,Howden Air And Gas India Private Limited (Chennai)
862024599,Synectics Auto Components Private Limited (Hosur)
862024600,Elin Electronics Limited (Ghaziabad)
862024601,Saera Electric Auto Limited (Bawal)
862024602,Sansera Engineering Limited ( Plant -5 Chakan)
862024603,Hyundai  Transys India Private Limited ( Andhra Pradesh)
862024604,Tractors and Farm Equipment Limited (Farm equipement Division)
862024605,Annanya Enterprises (Chennai)
862024606,Camtac Manufacturing (A Divison of Linamar Corporation)
862024608,Krastech Innovations Private Limited (Pune)
862024613,Bloom Energy (India) Private Limited
862024616,Mahindra & Mahindra Limited (Swaraj Division - Plant 5)
862024617,Greenbay Enterprises
862024619,Sukuga Technologies Private Limited (Gurugram)
862024621,Sigma Electric Manufacturing Corporation Private limited (U-III A4)(Mahalunge)
862024622,Sipra Engineers Private Limited (Nashik)
862024623,BM Auto Castings Private Limited (Tamilnadu)
862024624,Camcor Manufacturing
862024625,Marelli Motherson Auto Suspension Parts Private Limited (Chakan)
862024626,HL Mando Anand India Private Limited
862024627,Kay Jay Forgings Pvt Ltd Unit VII (Ludhiana)
862024628,Srimukha Precision Technologies Private Limited-U6 (Chennai)
862024629,Nyloplast Precision Industries Private Limited ( Bhiwandi)
862024630,Vehcom Manufacturing
862024631,Vihaan Enterprises (Chakan)
862024632,TATA Motors Limited  (Telangana)
862024633,TATA Motors Limited  (Lucknow)
862024634,Asahi India Glass Ltd ( Bawal )
862024637,DuroShox International Private Limited (Shirur)
862024638,Swastik Metal Industries (Rajkot)
862024639,MT Autocraft (Himachal Pradesh)
862024642,LUCAS -TVS Limited ( Export Unit )
862024643,Flash  Electronics  (I) Private Limited
862024644,Escorts  Kubota Limited ( Chakan )
862024645,Escorts Kubota Limited ( Sriperumbudur )
862024646,Asahi India Glass Limited ( Chakan)
862024647,SSM Forge Private Limited (Bhosari)
862024648,Central Engineering Service (Ichalkaranji)
862024649,Greenbay Enterprises (Pune)
862024650,Subaassh Enterprises (Pune)
862024651,Appliance Motor Co.(Baddi)
862024652,Sundram Fasteners Limited (Pondicherry)
862024654,Bloom Energy Corporation
862024656,Chheda Electricals and Electronics Private Limited (Palshi)
862024657,Kaizen Plastomould Private Limited ( Aurangabad)
862024658,Global Automotive Components Private Limited (Faridabad)
862024659,Vardhman Appliances Limited (Haryana)
862024660,Tata Capital Limited (Mumbai)
862024663,Aditya Auto Products And Engineering India Private Limited (Bangalore)
862024664,Madras Engineering Industries Private Limited (Maraimalai Nagar)
862024665,Mahavir Engineering Works Walunj
862024666,Gabriel India Limited (Nighoje )
862024667,Kay Jay Forgings Limited unit II (Hosur)
862024668,Kay Jay Forgings Limited unit VII (Ludhiana)
862024669,MT Autocraft Systems Private Limited (Himachal Pradesh)
862024670,YPG Ride Controls Private Limited ( Chhatrapati Sambhajinagar )
862024672,Comestel Automotive Technologies Maxican
862024673,Comestel Automotive Technologies Maxican
862024674,Mungi Metalcraft LLP ( P2) Chakan
862024675,Madhumangal Engineers (Customer)
862024677,ITT Corporation India Private Limited (Export)
862024678,Mahindra & Mahindra Limited  (Khed)
862024679,Bachan Parkash Trading Co LLp ( Delhi )
862024680,P.P. Patel Metal Powders Private Limited ( Solapur)
862024681,Classic Legends Private Limited ( Indore)
862024682,VE Commercial Vehicles Limited  (Special Economic Zone Pithampur)
862024683,Mitsuboshi Belting -India Private Limited ( Ahilyanagar)
862024686,Hitachi Astemo Gurugram Powertrain Systems Private Limited (Faridabad)
862024687,Hitachi Astemo Gurugram Powertrain Systems Private Limited (Tumakuru)
862024688,Mahalaxmi Scrap Dealers (Pune)
862024689,Mahalaxmi Scrap Dealers (Pune)
862024690,Mangla Tubes Private Limited (Unit-II)(Pantnagar)
862024691,CVG Seating (India) Private Limited (Dharwad)
862024693,MT Autocraft Systems Private Limited (Barotiwala)
862024694,Nissar Transformers Pvt. Ltd.(Shirwal)
862024695,Herminio India Private Limited ( Bhiwandi)
862024698,Advik Autocomp Private Limited -P40 (Kolar)
862024701,Quality Pattern Works Private Limited (Bhosari)
862024704,Radiant Innovative Manufacturing Limited (Noida)
862024705,Metalman Fabtech LLP (Pantnagar)
862024706,Five Lasercut Metal Technology Private Limited (Pithampur)
862024707,Industrial Metal Powders(I) Pvt Ltd ( Koregaon Bhima Pune )
862024709,Mahindra & Mahindra Limited (Swaraj Division -SBU)
862024710,Budhale Stampings (Kolhapur)
862024711,Ganesh Industries (Kolhapur)
862024712,Switch Mobility Automotive Limited ( Chennai)
862024713,Haldex India Pvt Ltd-PI ( Nashik)
862024714,Baxy Limited (Haridwar)
862024715,MT Autocraft Systems Private Limited ( Parwanoo)
862024716,Advent Tooltech Private Limited (Chinchwad)
862024717,Swift Enterprise Private Limited (Kolhapur)
862024718,Astemo India Private Limited (Faridabad)
862024719,Tata Motors Passenger Vehicles Limited (Sanand)
862024720,TATA Motors Limited  (Pantnagar)
862024721,Ringfeder Power Transmission(I) Private Limited (Kolhapur)
862024722,Tata Motors Passenger Vehicles Limited (Chakan)
862024723,Tata Motors Passenger Vehicles Limited (Chikhali)
862024724,TML Commercial Vehicles Limited ( Jamshedpur)
862024725,TML Commercial Vehicles Limited  ( Chakan )
862024726,Escorts Kubota Limited ( Haryana )
862024727,Tata Motors Commercial Vehicles Limited (Pimpari)
862024728,Mahindra & Mahindra Limited ( AS Engine Pune)
862024729,Tenneco Clean Air India Limited ( Chakan)
862024730,Auto-Lek Electric Private Limited (Ahmednagar)
862024731,Auto - Lek Electric Private Limited ( Ahmednagar)
862024732,SML Mahindra Limited ( Punjab)
862024734,Kalbhorz Electric Private Limited (Pune)
862024735,TATA Motors Limited  (1001 Chinchwad)
862024736,Tafe Motors & Tractors Limited (Parwanoo)
862024738,Stako Stamping Private Limited (Pune)
862024739,Dana India Commercial Vehicles Pvt Ltd
